{
  "status": "success",
  "beat_times": [
    0.603718820861678,
    3.250793650793651,
    8.25079365079365,
    11.052698412698414,
    13.931972789115646,
    16.671927437641724,
    20.526439909297054,
    23.777233560090703,
    26.563628117913833,
    29.396462585034012,
    32.229297052154195,
    35.015691609977324,
    40.015691609977324,
    43.14267573696145,
    46.068390022675736,
    48.6225850340136,
    51.22321995464853,
    53.777414965986395,
    56.610249433106574,
    60.78984126984127,
    65.06231292517006,
    69.75274376417234,
    74.75274376417234,
    79.75274376417234,
    84.75274376417234,
    89.62902494331065,
    92.22965986394559,
    94.78385487528345,
    97.29160997732426,
    99.93868480725624,
    102.53931972789115,
    105.79011337868481,
    108.8087074829932,
    111.45578231292517,
    114.28861678004534,
    116.84281179138323,
    119.6756462585034,
    124.6756462585034,
    128.82430839002268,
    132.53950113378684,
    135.37233560090704,
    140.37233560090704,
    145.37233560090704,
    150.37233560090704,
    153.39102040816326,
    155.99165532879817,
    158.54585034013604,
    161.05360544217686,
    163.70068027210885,
    166.25487528344672,
    169.5521088435374,
    172.2920634920635,
    174.98557823129252,
    177.5397732426304
  ],
  "target_bombs": 54
}